[{"id":"6282347260729@s.whatsapp.net","emote":"👑","ban":false,"game":false,"jawaban":false,"hit":146,"broadcast":false,"koin":14},{"id":"6288242543472@s.whatsapp.net","emote":"👑","ban":false,"game":false,"jawaban":false,"hit":23,"broadcast":false,"koin":0},{"id":"6285828047232@s.whatsapp.net","emote":"👑","ban":false,"game":"susunkata","jawaban":"BEKANTAN","hit":17,"broadcast":false,"koin":2},{"id":"6282237949722@s.whatsapp.net","emote":"👑","ban":false,"game":false,"jawaban":false,"hit":3,"broadcast":false,"koin":0},{"id":"6285851318475@s.whatsapp.net","emote":"👑","ban":false,"game":false,"jawaban":false,"hit":6,"broadcast":false,"koin":2},{"id":"6281953778318@s.whatsapp.net","emote":"👑","ban":false,"game":false,"jawaban":false,"hit":30,"broadcast":false,"koin":1},{"id":"6285291808073@s.whatsapp.net","emote":"👑","ban":false,"game":false,"jawaban":false,"hit":13,"broadcast":false,"koin":1},{"id":"6285741736433@s.whatsapp.net","emote":"👑","ban":false,"game":false,"jawaban":false,"hit":3,"broadcast":false,"koin":0}]