[
  { 
  "jawaban": "Kongo - Brazzaville",
  
    "soal": "🇨🇬"
    },
  { "jawaban": "Kepulauan Åland", "soal": "🇦🇽" },
  { "jawaban": "Komoro", "soal": "🇰🇲" },
  { "jawaban": "Kanada", "soal": "🇨🇦" },
  { "jawaban": "Guyana", "soal": "🇬🇾" },
  { "jawaban": "Samoa Amerika", "soal": "🇦🇸" },
  { "jawaban": "Somalia", "soal": "🇸🇴" },
  { "jawaban": "Korea Selatan", "soal": "🇰🇷" },
  { "jawaban": "Moldova", "soal": "🇲🇩" },
  { "jawaban": "Nauru", "soal": "🇳🇷" },
  { "jawaban": "Jerman", "soal": "🇩🇪" },
  { "jawaban": "St. Pierre & Miquelon", "soal": "🇵🇲" },
  { "jawaban": "Malta", "soal": "🇲🇹" },
  { "jawaban": "Lesotho", "soal": "🇱🇸" },
  { "jawaban": "Laos", "soal": "🇱🇦" },
  { "jawaban": "Polandia", "soal": "🇵🇱" },
  { "jawaban": "Argentina", "soal": "🇦🇷" },
  { "jawaban": "Kepulauan Virgin AS", "soal": "🇻🇮" },
  { "jawaban": "St. Pierre & Miquelon", "soal": "🇵🇲" },
  { "jawaban": "Papua Nugini", "soal": "🇵🇬" },
  { "jawaban": "Tajikistan", "soal": "🇹🇯" },
  { "jawaban": "El Salvador", "soal": "🇸🇻" },
  { "jawaban": "Tonga", "soal": "🇹🇴" },
  { "jawaban": "Estonia", "soal": "🇪🇪" },
  { "jawaban": "Kepulauan Cook", "soal": "🇨🇰" },
  { "jawaban": "Malawi", "soal": "🇲🇼" },
  { "jawaban": "Peru", "soal": "🇵🇪" },
  { "jawaban": "Benin", "soal": "🇧🇯" },
  { "jawaban": "Maroko", "soal": "🇲🇦" },
  { "jawaban": "San Marino", "soal": "🇸🇲" },
  { "jawaban": "Yunani", "soal": "🇬🇷" },
  { "jawaban": "Amerika Serikat", "soal": "🇺🇸" },
  { "jawaban": "Irlandia", "soal": "🇮🇪" },
  { "jawaban": "Malawi", "soal": "🇲🇼" },
  { "jawaban": "Ethiopia", "soal": "🇪🇹" },
  { "jawaban": "Tokelau", "soal": "🇹🇰" },
  { "jawaban": "Jersey", "soal": "🇯🇪" },
  { "jawaban": "Antigua & Barbuda", "soal": "🇦🇬" },
  { "jawaban": "Djibouti", "soal": "🇩🇯" },
  { "jawaban": "Andorra", "soal": "🇦🇩" },
  { "jawaban": "Afganistan", "soal": "🇦🇫" },
  { "jawaban": "Venezuela", "soal": "🇻🇪" },
  { "jawaban": "Tanzania", "soal": "🇹🇿" },
  { "jawaban": "Antartika", "soal": "🇦🇶" },
  { "jawaban": "El Salvador", "soal": "🇸🇻" },
  { "jawaban": "Hongaria", "soal": "🇭🇺" },
  { "jawaban": "Turkmenistan", "soal": "🇹🇲" },
  { "jawaban": "Bahama", "soal": "🇧🇸" },
  { "jawaban": "Grenada", "soal": "🇬🇩" },
  { "jawaban": "Republik Ceko", "soal": "🇨🇿" },
  { "jawaban": "Panama", "soal": "🇵🇦" },
  { "jawaban": "Polinesia Prancis", "soal": "🇵🇫" },
  { "jawaban": "Kaledonia Baru", "soal": "🇳🇨" },
  { "jawaban": "Skotlandia", "soal": "🏴󠁧󠁢󠁳󠁣󠁴󠁿" },
  { "jawaban": "Jamaika", "soal": "🇯🇲" },
  { "jawaban": "Dominika", "soal": "🇩🇲" },
  { "jawaban": "Somalia", "soal": "🇸🇴" },
  { "jawaban": "Uni Eropa", "soal": "🇪🇺" },
  { "jawaban": "Bosnia & Herzegovina", "soal": "🇧🇦" },
  { "jawaban": "Seychelles", "soal": "🇸🇨" },
  { "jawaban": "Peru", "soal": "🇵🇪" },
  { "jawaban": "St. Pierre & Miquelon", "soal": "🇵🇲" },
  { "jawaban": "Angola", "soal": "🇦🇴" },
  { "jawaban": "Brunei", "soal": "🇧🇳" },
  { "jawaban": "Bahrain", "soal": "🇧🇭" },
  { "jawaban": "Guatemala", "soal": "🇬🇹" },
  { "jawaban": "Kepulauan Virgin Britania Raya", "soal": "🇻🇬" },
  { "jawaban": "Kroasia", "soal": "🇭🇷" },
  { "jawaban": "Mozambik", "soal": "🇲🇿" },
  { "jawaban": "Rusia", "soal": "🇷🇺" },
  { "jawaban": "Kepulauan Virgin AS", "soal": "🇻🇮" },
  { "jawaban": "Kepulauan Pitcairn", "soal": "🇵🇳" },
  { "jawaban": "Georgia Selatan & Kepulauan Sandwich Selatan", "soal": "🇬🇸"},
  { "jawaban": "Uganda", "soal": "🇺🇬" },
  { "jawaban": "Djibouti", "soal": "🇩🇯" },
  { "jawaban": "Teritori Prancis Selatan", "soal": "🇹🇫" },
  { "jawaban": "Liechtenstein", "soal": "🇱🇮" },
  { "jawaban": "Guinea-Bissau", "soal": "🇬🇼" },
  { "jawaban": "Sao Tome & Principe", "soal": "🇸🇹" },
  { "jawaban": "Indonesia", "soal": "🇮🇩" },
  { "jawaban": "Irlandia", "soal": "🇮🇪" },
  { "jawaban": "Sint Maarten", "soal": "🇸🇽" },
  { "jawaban": "Laos", "soal": "🇱🇦" },
  { "jawaban": "Mikronesia", "soal": "🇫🇲" },
  { "jawaban": "Polandia", "soal": "🇵🇱" },
  { "jawaban": "Korea Utara", "soal": "🇰🇵" }
]